row_id,article_id,dataset_id,type
0,10.1098_rsos.160417,https://doi.org/10.5061/dryad.2bs69,Primary
1,10.1038_hdy.2015.99,https://doi.org/10.5061/dryad.f47f6,Primary
2,10.1029_2018gl078007,https://doi.org/10.5061/dryad.886pr72,Primary
3,10.1111_2041-210x.12453,https://doi.org/10.5061/dryad.h4f7p,Primary
4,10.1098_rsos.170796,https://doi.org/10.5061/dryad.2g5f9,Primary
5,10.1002_ece3.9627,https://doi.org/10.5061/dryad.b8gtht7h3,Primary
6,10.12688_f1000research.11698.1,https://doi.org/10.5256/f1000research.11698.d163781,Primary
7,10.12688_f1000research.11698.1,https://doi.org/10.5256/f1000research.11698.d163782,Primary
8,10.12688_f1000research.11698.1,https://doi.org/10.5256/f1000research.11698.d163783,Primary
9,10.12688_f1000research.11698.1,https://doi.org/10.5256/f1000research.11698.d163784,Primary
10,10.12688_f1000research.11698.1,https://doi.org/10.5256/f1000research.11698.d163786,Primary
11,10.12688_f1000research.11698.1,https://doi.org/10.5256/f1000research.11698.d163788,Primary
12,10.12688_f1000research.11698.1,https://doi.org/10.5256/f1000research.11698.d163789,Primary
13,10.12688_f1000research.11698.1,https://doi.org/10.5256/f1000research.11698.d163790,Primary
14,10.12688_f1000research.11698.1,https://doi.org/10.5256/f1000research.11698.d16378125,Primary
15,10.12688_f1000research.11698.1,https://doi.org/10.5256/f1000research.11698.d16378226,Primary
16,10.12688_f1000research.11698.1,https://doi.org/10.5256/f1000research.11698.d16378327,Primary
17,10.12688_f1000research.11698.1,https://doi.org/10.5256/f1000research.11698.d16378428,Primary
18,10.12688_f1000research.11698.1,https://doi.org/10.5256/f1000research.11698.d16378629,Primary
19,10.12688_f1000research.11698.1,https://doi.org/10.5256/f1000research.11698.d16378830,Primary
20,10.12688_f1000research.11698.1,https://doi.org/10.5256/f1000research.11698.d16378931,Primary
21,10.12688_f1000research.11698.1,https://doi.org/10.5256/f1000research.11698.d16379032,Primary
22,10.12688_f1000research.11698.1,https://doi.org/10.5256/f1000research.12639.r25445,Primary
23,10.12688_f1000research.11698.1,https://doi.org/10.5256/f1000research.12639.r23964,Primary
24,10.3389_fpls.2023.1160645,https://doi.org/10.5281/zenodo.1316618,Primary
25,10.1098_rsos.190841,https://doi.org/10.5061/dryad.3b65k44,Primary
26,10.1242_jeb.211466,https://doi.org/10.5061/dryad.gtht76hhb,Primary
27,10.1098_rspb.2015.1498,https://doi.org/10.5061/dryad.rj7g1,Primary
28,10.1093_bib_bbab395,https://doi.org/10.5281/zenodo.4923158,Primary
29,10.5194_gmd-13-335-2020,https://doi.org/10.5281/zenodo.3548147,Primary
30,10.3133_cir1497,https://doi.org/10.5066/p99onunm,Secondary
31,10.3133_cir1497,https://doi.org/10.5066/p9s5pvon,Secondary
32,10.3133_cir1497,https://doi.org/10.5066/p9xvjdnp,Secondary
33,10.3133_cir1497,https://doi.org/10.5066/p9eucgjq,Secondary
34,10.3133_cir1497,https://doi.org/10.5066/p9z04lnk,Secondary
35,10.3133_cir1497,https://doi.org/10.5066/p9gcdyt2,Secondary
36,10.3133_cir1497,https://doi.org/10.5066/f7tt4q4b,Secondary
37,10.3133_cir1497,https://doi.org/10.5066/f72z13n1,Secondary
38,10.3133_cir1497,https://doi.org/10.5066/p9h1s1pv,Secondary
39,10.3133_cir1497,https://doi.org/10.5066/f77d2s7b,Secondary
40,10.3133_cir1497,https://doi.org/10.5066/f7nc5zfm,Secondary
41,10.3133_cir1497,https://doi.org/10.5066/f7b27sb2,Secondary
42,10.3133_cir1497,https://doi.org/10.5066/f7930sg7,Secondary
43,10.3133_cir1497,https://doi.org/10.5066/f7h993cz,Secondary
44,10.3133_cir1497,https://doi.org/10.5066/f7wq01t3,Secondary
45,10.3133_cir1497,https://doi.org/10.5066/p9fz4ojw,Secondary
46,10.3133_cir1497,https://doi.org/10.5066/p92bghw1,Secondary
47,10.3133_cir1497,https://doi.org/10.5066/p9vysweh,Secondary
48,10.3133_cir1497,https://doi.org/10.5066/p9hdxe32,Secondary
49,10.1111_1365-2664.13168,https://doi.org/10.5061/dryad.j8cm402,Primary
50,10.12688_f1000research.4660.1,https://doi.org/10.5256/f1000research.4660.d34165,Primary
51,10.12688_f1000research.4660.1,https://doi.org/10.5256/f1000research.4981.r6236,Primary
52,10.12688_f1000research.4660.1,https://doi.org/10.5256/f1000research.4981.r5919,Primary
53,10.12688_f1000research.4660.1,https://doi.org/10.5256/f1000research.4981.r5845,Primary
54,10.1098_rspb.2015.2726,https://doi.org/10.5061/dryad.2fp25,Primary
55,10.1016_j.dib.2023.109949,https://doi.org/10.5281/zenodo.8338991,Primary
56,10.3133_fs20233046,https://doi.org/10.5066/p9ys1x7p,Secondary
57,10.1371_journal.pone.0253228,https://doi.org/10.5061/dryad.j0zpc86f2,Primary
58,10.1098_rsbl.2015.0113,https://doi.org/10.5061/dryad.1h7p0,Primary
59,10.1371_journal.pone.0146274,https://doi.org/10.5061/dryad.kh186,Primary
60,10.1186_s13059-017-1200-8,https://doi.org/10.5281/zenodo.437554,Primary
61,10.1093_beheco_arz101,https://doi.org/10.5061/dryad.4dj6042,Primary
62,10.1073_pnas.2306723120,https://doi.org/10.5066/f7df6pqs,Secondary
63,10.1073_pnas.2306723120,https://doi.org/10.5281/zenodo.8411975,Primary
64,10.1098_rspb.2015.0371,https://doi.org/10.5061/dryad.kh7nt,Primary
65,10.1186_s13059-020-1949-z,https://doi.org/10.5281/zenodo.3564179,Primary
66,10.12688_f1000research.10556.1,https://doi.org/10.5256/f1000research.10556.d148743,Primary
67,10.12688_f1000research.10556.1,https://doi.org/10.5256/f1000research.10556.d148744,Primary
68,10.12688_f1000research.10556.1,https://doi.org/10.5256/f1000research.10556.d1487436,Primary
69,10.12688_f1000research.10556.1,https://doi.org/10.5256/f1000research.10556.d1487447,Primary
70,10.12688_f1000research.10556.1,https://doi.org/10.5256/f1000research.11375.r19814,Primary
71,10.12688_f1000research.10556.1,https://doi.org/10.5256/f1000research.11375.r19107,Primary
72,10.21105_joss.04237,https://doi.org/10.5281/zenodo.3822494,Primary
73,10.21105_joss.04237,https://doi.org/10.5281/zenodo.3946761,Primary
74,10.21105_joss.04237,https://doi.org/10.5281/zenodo.2592232,Primary
75,10.7554_elife.73695,https://doi.org/10.5061/dryad.6h5b7,Primary
76,10.7554_elife.73695,https://doi.org/10.5061/dryad.p5hqbzkqf,Primary
77,10.12688_f1000research.13064.1,https://doi.org/10.5256/f1000research.13064.d183806,Primary
78,10.12688_f1000research.13064.1,https://doi.org/10.5256/f1000research.13064.d18380611,Primary
79,10.12688_f1000research.13064.1,https://doi.org/10.5256/f1000research.14163.r28449,Primary
80,10.12688_f1000research.13064.1,https://doi.org/10.5256/f1000research.14163.r27918,Primary
81,10.12688_f1000research.13064.1,https://doi.org/10.5256/f1000research.14163.r27920,Primary
82,10.1186_s40657-020-00194-w,https://doi.org/10.5061/dryad.25f7g,Primary
83,10.1186_s40657-020-00194-w,https://doi.org/10.5281/zenodo.3525340,Primary
84,10.1111_eva.12151,https://doi.org/10.5061/dryad.3978f,Primary
85,10.1029_2020jf005675,https://doi.org/10.5066/p9bu8faq,Secondary
86,10.1002_ece3.6303,https://doi.org/10.5061/dryad.37pvmcvgb,Primary
87,10.1371_journal.pone.0117675,https://doi.org/10.5061/dryad.7pd40,Primary
88,10.5194_acp-22-2769-2022,https://doi.org/10.5281/zenodo.1285969,Primary
89,10.5194_acp-22-2769-2022,https://doi.org/10.5281/zenodo.3733448,Primary
90,10.1101_2022.07.21.501061,https://doi.org/10.5061/dryad.547d7wmc2,Primary
91,10.1002_ecs2.1280,https://doi.org/10.5061/dryad.p3fg9,Primary
92,10.1111_1365-2745.13449,https://doi.org/10.5061/dryad.r7sqv9s8n,Primary
93,10.3133_ofr20201035,https://doi.org/10.5066/p9zudioh,Secondary
94,10.3133_ofr20201035,https://doi.org/10.5066/p9wek4ji,Secondary
95,10.1111_mec.16743,https://doi.org/10.5061/dryad.g1jws,Primary
96,10.1111_mec.16743,https://doi.org/10.5066/p9f519wo,Secondary
97,10.1111_mec.16743,https://doi.org/10.5066/p93r9uel,Secondary
98,10.1242_bio.035071,https://doi.org/10.5061/dryad.dk5gt88,Primary
99,10.3897_zookeys.500.9360,https://doi.org/10.5061/dryad.dv44b,Primary
100,10.1111_eva.12446,https://doi.org/10.5061/dryad.7g2c9,Primary
101,10.1039_d2cc00847e,https://doi.org/10.5281/zenodo.6010342,Primary
102,10.1111_ddi.13161,https://doi.org/10.5061/dryad.73n5tb2v8,Primary
103,10.1016_j.websem.2024.100815,https://doi.org/10.5281/zenodo.3559043,Primary
104,10.1371_journal.pone.0137181,https://doi.org/10.5061/dryad.m4r46,Primary
105,10.1002_esp.5058,https://doi.org/10.5066/p9fw6e8k,Secondary
106,10.1038_s41467-018-07681-1,https://doi.org/10.5281/zenodo.1472500,Primary
107,10.1093_beheco_arw167,https://doi.org/10.5061/dryad.12np0,Primary
108,10.1371_journal.pone.0198382,https://doi.org/10.5066/f72j69rm,Secondary
109,10.1212_wnl.0000000000006035,https://doi.org/10.5061/dryad.tq61224,Primary
110,10.1242_dev.138545,https://doi.org/10.5061/dryad.fj0qj,Primary
111,10.3389_fcell.2020.618552,https://doi.org/10.5281/zenodo.4311473,Primary
112,10.3390_s23094491,https://doi.org/10.5281/zenodo.7871636,Primary
113,10.3897_bdj.7.e47369,https://doi.org/10.5281/zenodo.15039,Primary
114,10.1029_2022gl100473,https://doi.org/10.5281/zenodo.7092715,Primary
115,10.1371_journal.pone.0070749,https://doi.org/10.5061/dryad.5q1sb,Primary
116,10.1073_pnas.1711872115,https://doi.org/10.5281/zenodo.1135372,Primary
117,10.1016_j.jsames.2022.103824,https://doi.org/10.5066/f7k072r7,Secondary
118,10.1002_ece3.5260,https://doi.org/10.5061/dryad.2f62927,Primary
119,10.1371_journal.pone.0220399,https://doi.org/10.5061/dryad.8t3g361,Primary
120,10.1111_1365-2664.13136,https://doi.org/10.5061/dryad.bn7p2f5,Primary
121,10.1130_ges01387.1,https://doi.org/10.5066/f7qn64xq,Secondary
122,10.1130_ges01387.1,https://doi.org/10.5066/f7th8jwj,Secondary
123,10.1130_ges01387.1,https://doi.org/10.5066/f7930r7p,Secondary
124,10.1002_nafm.10870,https://doi.org/10.5066/p9gtumay,Secondary
125,10.1002_nafm.10870,https://doi.org/10.5066/p94bh3w0,Secondary
126,10.1002_nafm.10870,https://doi.org/10.5066/p90a4ugj,Secondary
127,10.1002_nafm.10870,https://doi.org/10.5066/f75m63x0,Secondary
128,10.1002_ece3.6144,https://doi.org/10.5061/dryad.zw3r22854,Primary
129,10.1111_2041-210x.13817,https://doi.org/10.5061/dryad.fn2z34tw7,Primary
130,10.3390_s23177333,https://doi.org/10.5281/zenodo.8090619,Primary
131,10.1111_1365-2656.12491,https://doi.org/10.5061/dryad.h5j86,Primary
132,10.1038_hdy.2013.74,https://doi.org/10.5061/dryad.75030,Primary
133,10.3133_ofr20231026,https://doi.org/10.5066/p9kehy2s,Secondary
134,10.3133_ofr20231026,https://doi.org/10.5066/f7dz0771,Secondary
135,10.3133_ofr20231026,https://doi.org/10.5066/p9irl3gv,Secondary
136,10.3133_ofr20231026,https://doi.org/10.5066/p918e2p3,Secondary
137,10.7554_elife.62329,https://doi.org/10.5061/dryad.12jm63xwd,Primary
138,10.7554_elife.62329,https://doi.org/10.5281/zenodo.11640,Primary
139,10.12688_f1000research.13483.1,https://doi.org/10.5256/f1000research.13483.d188591,Primary
140,10.12688_f1000research.13483.1,https://doi.org/10.5256/f1000research.13483.d18859112,Primary
141,10.12688_f1000research.13483.1,https://doi.org/10.5256/f1000research.14641.r35769,Primary
142,10.12688_f1000research.13483.1,https://doi.org/10.5256/f1000research.14641.r31452,Primary
143,10.1093_sysbio_syy011,https://doi.org/10.5061/dryad.739bs,Primary
144,10.1109_access.2024.3385658,https://doi.org/10.5281/zenodo.10908593,Primary
145,10.1111_ggr.12517,https://doi.org/10.5281/zenodo.7804445,Primary
146,10.1073_pnas.1323607111,https://doi.org/10.5061/dryad.v2t58,Primary
147,10.1093_beheco_arad016,https://doi.org/10.5061/dryad.rxwdbrvdc,Primary
148,10.1002_mp.14424,https://doi.org/10.5281/zenodo.1313201,Primary
149,10.1111_1365-2656.12501,https://doi.org/10.5061/dryad.m02hm,Primary
150,10.1111_evo.13972,https://doi.org/10.5061/dryad.3xsj3txbz,Primary
151,10.12688_f1000research.13622.1,https://doi.org/10.5256/f1000research.13609.d194564,Primary
152,10.12688_f1000research.13622.1,https://doi.org/10.5256/f1000research.13622.d194234,Primary
153,10.12688_f1000research.13622.1,https://doi.org/10.5256/f1000research.13622.d194235,Primary
154,10.12688_f1000research.13622.1,https://doi.org/10.5256/f1000research.13622.d194236,Primary
155,10.12688_f1000research.13622.1,https://doi.org/10.5256/f1000research,Primary
156,10.12688_f1000research.13622.1,https://doi.org/10.5256/f1000research.13622,Primary
157,10.12688_f1000research.13622.1,https://doi.org/10.5256/f1000research.13622.d19423517,Primary
158,10.12688_f1000research.13622.1,https://doi.org/10.5256/f1000research.13622.d19423618,Primary
159,10.12688_f1000research.13622.1,https://doi.org/10.5256/f1000research.14799.r33998,Primary
160,10.12688_f1000research.13622.1,https://doi.org/10.5256/f1000research.14799.r32906,Primary
161,10.12688_f1000research.13622.1,https://doi.org/10.5256/f1000research.14799.r31828,Primary
162,10.1186_s12920-019-0628-y,https://doi.org/10.5281/zenodo.3357673,Primary
163,10.1002_esp.5090,https://doi.org/10.5066/p9353101,Secondary
164,10.1111_1365-2664.13128,https://doi.org/10.5061/dryad.n3k9f,Primary
165,10.14358_pers.22-00039r2,https://doi.org/10.5066/p98lo5d4,Secondary
166,10.3133_ofr20231027,https://doi.org/10.5066/p9ooiq0e,Secondary
167,10.1371_journal.pone.0139215,https://doi.org/10.5061/dryad.27m63,Primary
168,10.12688_f1000research.13852.1,https://doi.org/10.5256/f1000research.13852.d195529,Primary
169,10.12688_f1000research.13852.1,https://doi.org/10.5256/f1000research.13852.d19552913,Primary
170,10.12688_f1000research.13852.1,https://doi.org/10.5256/f1000research.15056.r31654,Primary
171,10.12688_f1000research.13852.1,https://doi.org/10.5256/f1000research.15056.r31652,Primary
172,10.1016_j.jobe.2023.107105,https://doi.org/10.5281/zenodo.8014150,Primary
173,10.21203_rs.3.rs-3338732_v1,https://doi.org/10.5281/zenodo.2556738,Primary
174,10.21203_rs.3.rs-3338732_v1,https://doi.org/10.5066/p9vqpe9w,Secondary
175,10.1186_s13059-019-1840-y,https://doi.org/10.5281/zenodo.1579496,Primary
176,10.1111_1365-2435.13431,https://doi.org/10.5061/dryad.d84hg87,Primary
177,10.1038_s41597-023-02280-2,https://doi.org/10.5281/zenodo.3672421,Primary
178,10.1038_s41597-023-02280-2,https://doi.org/10.5281/zenodo.7934683,Primary
179,10.1111_njb.02077,https://doi.org/10.5061/dryad.2gh0ht2,Primary
180,10.1002_ece3.4466,https://doi.org/10.5061/dryad.r6nq870,Primary
181,10.1145_3461702.3462538,https://doi.org/10.3886/icpsr25104.v1,Secondary
182,10.1145_3461702.3462538,https://doi.org/10.3886/icpsr27646.v1,Secondary
183,10.1145_3461702.3462538,https://doi.org/10.3886/icpsr30770.v1,Secondary
184,10.1145_3461702.3462538,https://doi.org/10.3886/icpsr30765.v1,Secondary
185,10.1145_3461702.3462538,https://doi.org/10.3886/icpsr33530.v1,Secondary
186,10.1145_3461702.3462538,https://doi.org/10.3886/icpsr33525.v1,Secondary
187,10.1145_3461702.3462538,https://doi.org/10.3886/icpsr34585.v1,Secondary
188,10.1145_3461702.3462538,https://doi.org/10.3886/icpsr34584.v1,Secondary
189,10.1145_3461702.3462538,https://doi.org/10.3886/icpsr35035.v1,Secondary
190,10.1145_3461702.3462538,https://doi.org/10.3886/icpsr35020.v1,Secondary
191,10.1145_3461702.3462538,https://doi.org/10.3886/icpsr36120.v2,Secondary
192,10.1145_3461702.3462538,https://doi.org/10.3886/icpsr36119.v1,Secondary
193,10.1145_3461702.3462538,https://doi.org/10.3886/icpsr36398.v1,Secondary
194,10.1145_3461702.3462538,https://doi.org/10.3886/icpsr36395.v1,Secondary
195,10.1145_3461702.3462538,https://doi.org/10.3886/icpsr36795.v1,Secondary
196,10.1145_3461702.3462538,https://doi.org/10.3886/icpsr36791.v1,Secondary
197,10.1145_3461702.3462538,https://doi.org/10.3886/icpsr37065.v2,Secondary
198,10.1145_3461702.3462538,https://doi.org/10.3886/icpsr37062.v1,Secondary
199,10.1111_1365-2435.13087,https://doi.org/10.5061/dryad.hs20gv7,Primary
200,10.1073_pnas.1915395117,https://doi.org/10.5281/zenodo.3575174,Primary
201,10.1038_s41598-021-85671-y,https://doi.org/10.5281/zenodo.3632567,Primary
202,10.1007_s00442-022-05201-z,https://doi.org/10.5061/dryad.wpzgmsbps,Primary
203,10.1029_2019jg005297,https://doi.org/10.5061/dryad.pp045j3,Primary
204,10.1029_2019jg005297,https://doi.org/10.5066/f78s4n1v,Secondary
205,10.1111_1365-2656.12382,https://doi.org/10.5061/dryad.r390f,Primary
206,10.1111_1365-2435.13569,https://doi.org/10.5061/dryad.9s4mw6mbw,Primary
207,10.1098_rsos.210982,https://doi.org/10.5061/dryad.fxpnvx0pn,Primary
208,10.1111_mec.16977,https://doi.org/10.5061/dryad.4mw6m90cz,Primary
209,10.1111_1365-2664.13446,https://doi.org/10.5061/dryad.6d66b49,Primary
210,10.1186_s13059-019-1918-6,https://doi.org/10.5281/zenodo.3368857,Primary
211,10.5194_tc-17-3617-2023,https://doi.org/10.5281/zenodo.8252180,Primary
212,10.5194_tc-17-3617-2023,https://doi.org/10.5281/zenodo.5109574,Primary
213,10.1038_hdy.2014.75,https://doi.org/10.5061/dryad.1p80f,Primary
214,10.5194_amt-15-3969-2022,https://doi.org/10.5281/zenodo.5501399,Primary
215,10.1186_s13073-020-00727-4,https://doi.org/10.5281/zenodo.3661416,Primary
216,10.1029_2023wr035126,https://doi.org/10.5066/p9cc9jex,Secondary
217,10.1029_2023wr035126,https://doi.org/10.5281/zenodo.7859686,Primary
218,10.1029_2023wr035126,https://doi.org/10.5281/zenodo.839854,Primary
219,10.3389_feart.2023.1205211,https://doi.org/10.5066/p9f7k9f2,Secondary
220,10.3389_feart.2023.1205211,https://doi.org/10.5066/p9myl7wj,Secondary
221,10.3389_feart.2023.1205211,https://doi.org/10.5066/p96zbxk8,Secondary
222,10.3389_feart.2023.1205211,https://doi.org/10.5066/p9tw2x7y,Secondary
223,10.3389_feart.2023.1205211,https://doi.org/10.5066/p99mj096,Secondary
224,10.3389_feart.2023.1205211,https://doi.org/10.5066/p9j10nh5,Secondary
225,10.3389_feart.2023.1205211,https://doi.org/10.5066/f7930r7p,Secondary
226,10.1038_sdata.2017.167,https://doi.org/10.5061/dryad.sm847,Primary
227,10.1111_ejn.13855,https://doi.org/10.5281/zenodo.1158410,Primary
228,10.1371_journal.pntd.0005385,https://doi.org/10.5061/dryad.72v34,Primary
229,10.12688_f1000research.13622.1,https://doi.org/10.5256/f1000research.13622.d194233,Primary
230,10.3389_fcell.2020.618552,https://doi.org/10.5281/zenodo.3951126,Primary
231,10.1145_3461702.3462538,https://doi.org/10.3886/icpsr25113.v1,Secondary
232,10.1145_3461702.3462538,https://doi.org/10.3886/icpsr27647.v1,Secondary
233,10.7554_elife.74937,https://doi.org/10.5281/zenodo.6335347,Primary
234,10.12688_f1000research.11698.1,https://doi.org/10.5256/f1000research.11698.d196240,Primary
235,10.7554_elife.42722,https://doi.org/10.5061/dryad.d0779mb,Primary
236,10.7554_eLife.63194,https://doi.org/10.5061/dryad.fbg79cnsr,Primary
237,10.1186_s13046-018-0843-y,PXD007771,Secondary
238,10.1093_nar_gkp1049,3.20.20.140,Secondary
239,10.1093_nar_gkp1049,3.90.226.10,Secondary
240,10.1093_nar_gkp1049,3.20.20.120,Secondary
241,10.1093_nar_gkp1049,3.40.50.1000,Secondary
242,10.1093_nar_gkp1049,3.10.180.10,Secondary
243,10.1093_nar_gkp1049,PF00106,Secondary
244,10.1093_nar_gkp1049,3.30.450.20,Secondary
245,10.1093_nar_gkp1049,3.30.450.40,Secondary
246,10.1093_nar_gkp1049,3.30.930.10,Secondary
247,10.1093_nar_gkp1049,3.40.30.10,Secondary
248,10.1093_nar_gkp1049,3.40.50.1820,Secondary
249,10.1093_nar_gkp1049,3.40.50.620,Secondary
250,10.1093_nar_gkp1049,3.40.630.30,Secondary
251,10.1093_nar_gkp1049,3.90.1200.10,Secondary
252,10.1093_nar_gkp1049,PF03372,Secondary
253,10.1093_nar_gkp1049,3.90.228.10,Secondary
254,10.1186_s12864-019-6099-x,SRR8906254,Secondary
255,10.1186_s12864-019-6099-x,SRR8906256,Secondary
256,10.1534_g3.119.400993,GSE68510,Secondary
257,10.1534_g3.119.400993,GSE132167,Secondary
258,10.1534_g3.119.400993,ers100,Secondary
259,10.1055_s-0039-1693681,HPA1,Secondary
260,10.1186_s12859-017-1952-x,SRP035367,Secondary
261,10.1186_s12859-017-1952-x,SRR1508275,Secondary
262,10.1186_s12859-017-1952-x,SRP079401,Secondary
263,10.1371_journal.pcbi.1011828,PXD001676,Secondary
264,10.1371_journal.pcbi.1011828,E-PROT-103,Secondary
265,10.1371_journal.pcbi.1011828,PXD002137,Secondary
266,10.1371_journal.pcbi.1011828,E-PROT-104,Secondary
267,10.1371_journal.pcbi.1011828,PXD014511,Secondary
268,10.1371_journal.pcbi.1011828,E-PROT-105,Secondary
269,10.1371_journal.pcbi.1011828,PXD019504,Secondary
270,10.1371_journal.pcbi.1011828,E-PROT-106,Secondary
271,10.1371_journal.pcbi.1011828,E-PROT-23,Secondary
272,10.1371_journal.pcbi.1011828,PXD005709,Secondary
273,10.1371_journal.pcbi.1011828,E-PROT-100,Secondary
274,10.1371_journal.pcbi.1011828,PXD005693,Secondary
275,10.1371_journal.pcbi.1011828,E-PROT-101,Secondary
276,10.1371_journal.pcbi.1011828,PXD020454,Secondary
277,10.1371_journal.pcbi.1011828,E-PROT-102,Secondary
278,10.1371_journal.pcbi.1011828,PXD010458,Secondary
279,10.1371_journal.pcbi.1011828,E-PROT-107,Secondary
280,10.1371_journal.pcbi.1011828,E-PROT-108,Secondary
281,10.1371_journal.pcbi.1011828,PXD031556,Secondary
282,10.1371_journal.pcbi.1011828,E-PROT-109,Secondary
283,10.1371_journal.pcbi.1011828,PXD032899,Secondary
284,10.1371_journal.pcbi.1011828,E-PROT-110,Secondary
285,10.1371_journal.pcbi.1011828,GSE41258,Secondary
286,10.1371_journal.pcbi.1011828,ers14040993,Secondary
287,10.1186_s40168-018-0550-0,SRP058493,Secondary
288,10.1186_s40168-018-0550-0,PRJNA273799,Secondary
289,10.1186_s12866-020-01863-y,PRJNA593570,Secondary
290,10.1186_s12866-020-01863-y,SAMN13481355,Secondary
291,10.1186_s12866-020-01863-y,SAMN14519337,Secondary
292,10.1186_s12866-020-01863-y,SRX7550679,Secondary
293,10.1186_s12866-020-01863-y,SRX7550680,Secondary
294,10.1186_s12866-020-01863-y,SRX8097933,Secondary
295,10.1186_s12866-020-01863-y,SRX8097936,Secondary
296,10.1186_s13039-022-00631-z,GSE87048,Secondary
297,10.1186_s13039-022-00631-z,GSE67047,Secondary
298,10.1186_s13039-022-00631-z,GSE87,Secondary
299,10.1186_s13039-022-00631-z,GSE67,Secondary
300,10.1186_s12864-019-6131-1,SRR2028042,Secondary
301,10.1186_s12864-019-6131-1,SRR2028057,Secondary
302,10.1186_s12864-019-6131-1,SRR2028138,Secondary
303,10.1186_s12864-019-6131-1,SRR2028233,Secondary
304,10.1186_s12864-019-6131-1,SRR5444488,Secondary
305,10.1186_s12864-019-6131-1,SRR5444513,Secondary
306,10.1186_s12864-019-6131-1,NC_006112.4,Secondary
307,10.1186_s12864-019-6131-1,ERX2234588,Secondary
308,10.1186_s12864-019-6131-1,ERX2234598,Secondary
309,10.1186_s12864-019-6131-1,ENSPSIG00000014155,Secondary
310,10.1186_s12864-019-6131-1,ENSPSIG00000011968,Secondary
311,10.1186_s12864-019-6131-1,SRR952232,Secondary
312,10.1186_s12864-019-6131-1,SRR952238,Secondary
313,10.1186_s12864-019-6131-1,SRR7194749,Secondary
314,10.1186_s12864-019-6131-1,SRR7194798,Secondary
315,10.1186_s12864-019-6131-1,SRR6300650,Secondary
316,10.1186_s12864-019-6131-1,SRR6300675,Secondary
317,10.1186_s12864-019-6131-1,SRR6305144,Secondary
318,10.1186_s12864-019-6131-1,PRJNA292031,Secondary
319,10.1186_s12920-018-0403-5,GSE72205,Secondary
320,10.1186_s12934-018-1005-9,PF06013,Secondary
321,10.1186_s12934-018-1005-9,PF15542,Secondary
322,10.1186_s12934-018-1005-9,PF15652,Secondary
323,10.1186_s12934-018-1005-9,IPR028916,Secondary
324,10.1186_s12934-018-1005-9,PF12639,Secondary
325,10.1111_bph.14747,ers4,Secondary
326,10.1111_bph.14747,ENSFM00500000270,Secondary
327,10.1186_s12920-019-0646-9,GSE63695,Secondary
328,10.1186_s13059-019-1749-5,GSE126200,Secondary
329,10.1534_g3.119.400401,PRJNA473780,Secondary
330,10.1534_g3.119.400401,PRJNA488050,Secondary
331,10.1038_s41467-019-10357-z,ers15,Secondary
332,10.1038_s41467-019-10357-z,ers51,Secondary
333,10.1136_jitc-2021-003114,CVCL_D615,Secondary
334,10.1136_jitc-2021-003114,CVCL_KS61,Secondary
335,10.1136_jitc-2021-003114,CVCL_0213,Secondary
336,10.1136_jitc-2021-003114,CVCL_7151,Secondary
337,10.1136_jitc-2021-003114,CVCL_2213,Secondary
338,10.1136_jitc-2021-003114,CVCL_0627,Secondary
339,10.1136_jitc-2021-003114,CVCL_0530,Secondary
340,10.1136_jitc-2021-003114,CVCL_6245,Secondary
341,10.1136_jitc-2021-003114,CVCL_3967,Secondary
342,10.1136_jitc-2021-003114,CVCL_0395,Secondary
343,10.1136_jitc-2021-003114,CVCL_2235,Secondary
344,10.1136_jitc-2021-003114,CVCL_1916,Secondary
345,10.1136_jitc-2021-003114,CVCL_1917,Secondary
346,10.1136_jitc-2021-003114,CVCL_1919,Secondary
347,10.1136_jitc-2021-003114,CVCL_1918,Secondary
348,10.1186_gb-2010-11-10-r101,GSE24237,Secondary
349,10.1371_journal.pone.0146274,ENSG00000116044,Secondary
350,10.1371_journal.pone.0146274,ENSPTRG00000012677,Secondary
351,10.1371_journal.pone.0146274,ENSCAFG00000013506,Secondary
352,10.1371_journal.pone.0146274,ENSBTAG00000019255,Secondary
353,10.1371_journal.pone.0146274,ENSSTOG00000000313,Secondary
354,10.1186_s12870-019-1904-x,ERS1,Secondary
355,10.1186_s12864-015-2206-9,ENSMODG00000014381,Secondary
356,10.1186_s12864-015-2206-9,ERS624952,Secondary
357,10.1186_s12864-015-2206-9,ERS624953,Secondary
358,10.1186_s12864-015-2206-9,SRX015790,Secondary
359,10.1186_s12864-015-2206-9,SRX015793,Secondary
360,10.1186_s12864-015-2206-9,SRX862745,Secondary
361,10.1186_s12860-020-00261-6,PXD016241,Secondary
362,10.3389_fcimb.2024.1292467,EPI_ISL_1626969,Secondary
363,10.3389_fcimb.2024.1292467,EPI_ISL_2365356,Secondary
364,10.3389_fcimb.2024.1292467,EPI_ISL_2340581,Secondary
365,10.3389_fcimb.2024.1292467,EPI_ISL_2340662,Secondary
366,10.3389_fcimb.2024.1292467,EPI_ISL_2340614,Secondary
367,10.3389_fcimb.2024.1292467,EPI_ISL_2340615,Secondary
368,10.3389_fcimb.2024.1292467,EPI_ISL_2340626,Secondary
369,10.3389_fcimb.2024.1292467,EPI_ISL_2340570,Secondary
370,10.3389_fcimb.2024.1292467,EPI_ISL_2340575,Secondary
371,10.3389_fcimb.2024.1292467,EPI_ISL_2402571,Secondary
372,10.3389_fcimb.2024.1292467,EPI_ISL_13295050,Secondary
373,10.3389_fcimb.2024.1292467,EPI_ISL_10271777,Secondary
374,10.3389_fcimb.2024.1292467,EPI_ISL_17371329,Secondary
375,10.1186_s13059-020-1949-z,GSM2396858,Secondary
376,10.1186_s13059-020-1949-z,GSM2396859,Secondary
377,10.1186_s13059-020-1949-z,GSM3630200,Secondary
378,10.1186_s13059-020-1949-z,GSM3630201,Secondary
379,10.1186_s13059-020-1949-z,GSM3630202,Secondary
380,10.1186_s13059-020-1949-z,GSM3630203,Secondary
381,10.1186_s13059-020-1949-z,GSE133549,Secondary
382,10.1186_s12859-017-1563-6,PXD004645,Secondary
383,10.1186_s13068-018-1316-4,GSE72765,Secondary
384,10.1186_s40657-020-00194-w,PRJNA396570,Secondary
385,10.1186_s12918-018-0620-8,PXD008153,Secondary
386,10.1186_s40170-020-00212-x,HPA021241,Secondary
387,10.1186_s13071-018-2964-8,SRP093558,Secondary
388,10.1186_s13071-018-2964-8,PRJNA354110,Secondary
389,10.1186_s13024-018-0266-4,PXD009137,Secondary
390,10.1186_s13024-018-0266-4,HPA008918,Secondary
391,10.1186_s13024-018-0266-4,GSE65067,Secondary
392,10.1186_s13024-018-0266-4,PXD007160,Secondary
393,10.1186_s13024-018-0254-8,GSE65067,Secondary
394,10.1186_s13024-018-0254-8,GSE49329,Secondary
395,10.1186_s13024-018-0254-8,GSE74615,Secondary
396,10.1186_s13024-018-0254-8,GSE101689,Secondary
397,10.1038_s41893-020-0559-9,ers27,Secondary
398,10.1186_s13750-020-0184-0,ers7,Secondary
399,10.1186_s12920-018-0379-1,GSE115601,Secondary
400,10.1111_1365-2745.13449,PRJNA627488,Secondary
401,10.7554_eLife.72626,CHEMBL3733336,Secondary
402,10.7554_eLife.72626,CHEMBL3347550,Secondary
403,10.7554_eLife.72626,CHEMBL3347551,Secondary
404,10.1111_mec.16743,PRJNA794822,Secondary
405,10.1186_s12885-019-5681-6,CVCL_1785,Secondary
406,10.1186_s12885-019-5681-6,CVCL_E311,Secondary
407,10.1186_s12885-019-5681-6,GSE128766,Secondary
408,10.7717_peerj.10452,PRJNA664798,Secondary
409,10.7717_peerj.10452,SAMN16233641,Secondary
410,10.7717_peerj.10452,SAMN16233642,Secondary
411,10.7717_peerj.10452,SAMN16233643,Secondary
412,10.7717_peerj.10452,SAMN16233644,Secondary
413,10.7717_peerj.10452,SAMN16233645,Secondary
414,10.7717_peerj.10452,SAMN16233646,Secondary
415,10.7717_peerj.10452,SAMN16233647,Secondary
416,10.7717_peerj.10452,SAMN16233648,Secondary
417,10.7717_peerj.10452,SAMN16233649,Secondary
418,10.7717_peerj.10452,SAMN16233650,Secondary
419,10.7717_peerj.10452,SAMN16233651,Secondary
420,10.7717_peerj.10452,SAMN16233652,Secondary
421,10.7717_peerj.10452,SAMN16233653,Secondary
422,10.7717_peerj.10452,SAMN16233654,Secondary
423,10.7717_peerj.10452,SAMN16233655,Secondary
424,10.7717_peerj.10452,SAMN16233656,Secondary
425,10.7717_peerj.10452,SAMN16233657,Secondary
426,10.7717_peerj.10452,SAMN16233658,Secondary
427,10.7717_peerj.10452,SAMN16233659,Secondary
428,10.7717_peerj.10452,SAMN16233660,Secondary
429,10.7717_peerj.10452,SAMN16233661,Secondary
430,10.7717_peerj.10452,SAMN16233662,Secondary
431,10.7717_peerj.10452,SAMN16233663,Secondary
432,10.7717_peerj.10452,SAMN16233664,Secondary
433,10.1140_epjc_s10052-016-4366-4,ers58,Secondary
434,10.1140_epjc_s10052-016-4366-4,ers30,Secondary
435,10.1140_epjc_s10052-016-4366-4,ers74,Secondary
436,10.1140_epjc_s10052-016-4366-4,ers176,Secondary
437,10.1140_epjc_s10052-016-4366-4,ers61,Secondary
438,10.1140_epjc_s10052-016-4366-4,ers84,Secondary
439,10.1140_epjc_s10052-016-4366-4,ers100,Secondary
440,10.1140_epjc_s10052-016-4366-4,ers131,Secondary
441,10.1140_epjc_s10052-016-4366-4,ers126,Secondary
442,10.1101_2022.02.10.480011,ers4,Secondary
443,10.1186_s12977-015-0204-2,GSE70106,Secondary
444,10.1038_s41467-018-04041-x,ers1,Secondary
445,10.1038_s41467-018-04041-x,ers5,Secondary
446,10.1038_s41467-018-04041-x,ers13,Secondary
447,10.1038_s41467-018-04041-x,ers22,Secondary
448,10.1038_s41467-018-04041-x,ers39,Secondary
449,10.1038_s41467-018-04041-x,ers46,Secondary
450,10.1016_j.molcel.2018.11.006,HPA042816,Secondary
451,10.1016_j.molcel.2018.11.006,HPA038237,Secondary
452,10.1016_j.molcel.2018.11.006,E-MTAB-5670,Secondary
453,10.1016_j.molcel.2018.11.006,GSE44672,Secondary
454,10.1016_j.molcel.2018.11.006,GSE89420,Secondary
455,10.1016_j.molcel.2018.11.006,GSE69140,Secondary
456,10.1016_j.molcel.2018.11.006,GSE61188,Secondary
457,10.1016_j.molcel.2018.11.006,GSE52279,Secondary
458,10.1016_j.molcel.2018.11.006,GSE79360,Secondary
459,10.1016_j.molcel.2018.11.006,E-GEOD-44672,Secondary
460,10.1186_s40168-017-0338-7,PRJNA349463,Secondary
461,10.1186_s12870-019-1632-2,SAMN10345060,Secondary
462,10.1186_s12870-019-1632-2,SAMN10345061,Secondary
463,10.1186_s12870-019-1632-2,SAMN10345062,Secondary
464,10.1186_s12870-019-1632-2,SAMN10345063,Secondary
465,10.1186_s12870-019-1632-2,SAMN10345064,Secondary
466,10.1186_s12870-019-1632-2,SAMN10345065,Secondary
467,10.1186_s12870-019-1632-2,PRJNA499783,Secondary
468,10.1021_acscentsci.1c01109,ers12,Secondary
469,10.1212_wnl.0000000000006035,PXD009578,Secondary
470,10.3389_fcell.2020.618552,GSE33949,Secondary
471,10.3389_fcell.2020.618552,GSE92332,Secondary
472,10.3389_fcell.2020.618552,E-MTAB-9291,Secondary
473,10.3389_fcell.2020.618552,E-MTAB-9077,Secondary
474,10.3389_fcell.2020.618552,E-MTAB-7862,Secondary
475,10.1186_s12864-020-6657-2,SRP051959,Secondary
476,10.1038_s41396-020-00885-8,PF00348,Secondary
477,10.1038_s41396-020-00885-8,PF00484,Secondary
478,10.1038_s41396-020-00885-8,PF01493,Secondary
479,10.1038_s41396-020-00885-8,PF05834,Secondary
480,10.1038_s41396-020-00885-8,PF15461,Secondary
481,10.1038_s41396-020-00885-8,IPR011040,Secondary
482,10.1038_s41396-020-00885-8,IPR004302,Secondary
483,10.1038_s41396-020-00885-8,IPR004963,Secondary
484,10.1038_s41396-020-00885-8,IPR004981,Secondary
485,10.1038_s41396-020-00885-8,IPR033396,Secondary
486,10.1038_s41396-020-00885-8,IPR001577,Secondary
487,10.1038_s41396-020-00885-8,IPR006201,Secondary
488,10.1038_s41396-020-00885-8,IPR000884,Secondary
489,10.1038_s41396-020-00885-8,IPR004911,Secondary
490,10.1038_s41396-020-00885-8,IPR016201,Secondary
491,10.1038_s41396-020-00885-8,IPR002477,Secondary
492,10.1038_s41396-020-00885-8,IPR021345,Secondary
493,10.1038_s41396-020-00885-8,IPR012338,Secondary
494,10.1038_s41396-020-00885-8,IPR029787,Secondary
495,10.1038_s41396-020-00885-8,IPR036452,Secondary
496,10.1038_s41396-020-00885-8,IPR008139,Secondary
497,10.1038_s41396-020-00885-8,IPR017920,Secondary
498,10.1038_s41396-020-00885-8,IPR004007,Secondary
499,10.1038_s41396-020-00885-8,IPR004785,Secondary
500,10.1038_s41396-020-00885-8,IPR005524,Secondary
501,10.1038_s41396-020-00885-8,IPR028730,Secondary
502,10.1038_s41396-020-00885-8,IPR029723,Secondary
503,10.1038_s41396-020-00885-8,IPR009613,Secondary
504,10.1038_s41396-020-00885-8,IPR001124,Secondary
505,10.1038_s41396-020-00885-8,IPR002889,Secondary
506,10.1038_s41396-020-00885-8,IPR011124,Secondary
507,10.1186_s12870-018-1542-8,GSE77637,Secondary
508,10.1186_s12870-018-1542-8,GSE42871,Secondary
509,10.1186_s12885-018-4314-9,GSE22226,Secondary
510,10.1038_ncomms11871,ers2,Secondary
511,10.1590_1981-22562019022.190037,ers15,Secondary
512,10.1371_journal.pone.0212669,E-GEOD-28654,Secondary
513,10.1371_journal.pone.0212669,E-GEOD-29623,Secondary
514,10.1371_journal.pone.0212669,E-GEOD-45216,Secondary
515,10.1371_journal.pone.0212669,E-GEOD-45670,Secondary
516,10.1371_journal.pone.0212669,E-GEOD-48278,Secondary
517,10.1371_journal.pone.0212669,E-GEOD-48350,Secondary
518,10.1371_journal.pone.0212669,E-GEOD-49243,Secondary
519,10.1371_journal.pone.0212669,E-GEOD-50774,Secondary
520,10.1371_journal.pone.0212669,E-GEOD-53890,Secondary
521,10.1371_journal.pone.0212669,E-GEOD-54543,Secondary
522,10.1371_journal.pone.0212669,E-GEOD-58697,Secondary
523,10.1371_journal.pone.0212669,E-GEOD-59312,Secondary
524,10.1371_journal.pone.0212669,E-GEOD-61804,Secondary
525,10.1371_journal.pone.0212669,E-GEOD-63626,Secondary
526,10.1371_journal.pone.0212669,E-GEOD-64857,Secondary
527,10.1371_journal.pone.0212669,E-GEOD-67851,Secondary
528,10.1371_journal.pone.0212669,E-GEOD-19722,Secondary
529,10.1371_journal.pone.0212669,E-GEOD-39084,Secondary
530,10.1371_journal.pone.0212669,E-GEOD-46474,Secondary
531,10.1371_journal.pone.0212669,E-GEOD-48780,Secondary
532,10.1371_journal.pone.0212669,E-GEOD-53224,Secondary
533,10.1371_journal.pone.0212669,E-GEOD-54837,Secondary
534,10.1371_journal.pone.0212669,E-GEOD-60028,Secondary
535,10.1371_journal.pone.0212669,E-GEOD-64415,Secondary
536,10.1371_journal.pone.0212669,E-GEOD-68720,Secondary
537,10.1186_s12859-016-0922-z,SRR873822,Secondary
538,10.1186_s12859-016-0922-z,GSM1722952,Secondary
539,10.1186_s12859-016-0922-z,GSM1722948,Secondary
540,10.1186_s12859-016-0922-z,SRP023548,Secondary
541,10.1186_s12859-016-0922-z,SRR873838,Secondary
542,10.1186_s12859-016-0922-z,SRR873834,Secondary
543,10.1186_s12859-016-0922-z,SRR879615,Secondary
544,10.1186_s12859-016-0922-z,SRR879800,Secondary
545,10.1186_s12859-016-0922-z,SRR880232,Secondary
546,10.1186_s12859-016-0922-z,SRR881272,Secondary
547,10.1186_s12859-016-0922-z,SRR880070,Secondary
548,10.1186_s12859-016-0922-z,SRR881852,Secondary
549,10.1186_s12859-016-0922-z,SRR881451,Secondary
550,10.1186_s12859-016-0922-z,SRR881672,Secondary
551,10.1186_s12859-016-0922-z,SRR881985,Secondary
552,10.1186_s12859-016-0922-z,SRP041955,Secondary
553,10.1186_s12859-016-0922-z,GSE49712,Secondary
554,10.1186_s12859-016-0922-z,SRR950078,Secondary
555,10.1186_s12859-016-0922-z,SRR950080,Secondary
556,10.1186_s12859-016-0922-z,SRR950082,Secondary
557,10.1186_s12859-016-0922-z,SRR950084,Secondary
558,10.1186_s12859-016-0922-z,SRR950086,Secondary
559,10.1186_s12859-016-0922-z,SRR950079,Secondary
560,10.1186_s12859-016-0922-z,SRR950081,Secondary
561,10.1186_s12859-016-0922-z,SRR950083,Secondary
562,10.1186_s12859-016-0922-z,SRR950085,Secondary
563,10.1186_s12859-016-0922-z,SRR950087,Secondary
564,10.1186_s12859-016-0922-z,GSE70285,Secondary
565,10.7554_elife.29944,NC_001640.1,Secondary
566,10.7554_elife.29944,PRJNA384940,Secondary
567,10.1590_1982-0216_20192158519,ers22,Secondary
568,10.1080_14756366.2020.1740692,ers1,Secondary
569,10.1101_096297,PRJNA323493,Secondary
570,10.1093_evolut_qpad206,PRJNA1009132,Secondary
571,10.1002_ece3.961,ers1,Secondary
572,10.1038_s41598-020-59839-x,IPR014760,Secondary
573,10.1038_s41598-020-59839-x,ENSOARG00000013782,Secondary
574,10.1038_s41598-020-59839-x,ENSOARG00000012835,Secondary
575,10.1038_s41598-020-59839-x,ENSOARG00000013966,Secondary
576,10.1038_s41598-020-59839-x,ENSOARG00000014129,Secondary
577,10.1038_s41598-020-59839-x,IPR000264,Secondary
578,10.1038_s41598-020-59839-x,IPR020857,Secondary
579,10.1038_s41598-020-59839-x,IPR020858,Secondary
580,10.1038_s41598-020-59839-x,IPR021177,Secondary
581,10.1038_s41598-020-59839-x,IPR023415,Secondary
582,10.1038_s41598-020-59839-x,ENSOARG00000003950,Secondary
583,10.1038_s41598-020-59839-x,ENSOARG00000002239,Secondary
584,10.1038_s41598-020-59839-x,ENSOARG00000001337,Secondary
585,10.1038_s41598-020-59839-x,IPR002172,Secondary
586,10.1038_s41598-020-59839-x,ENSOARG00000012128,Secondary
587,10.1038_s41598-020-59839-x,ENSOARG00000002144,Secondary
588,10.1038_s41598-020-59839-x,ENSOARG00000002898,Secondary
589,10.1038_s41598-020-59839-x,ENSOARG00000005291,Secondary
590,10.1038_s41598-020-59839-x,ENSOARG00000013303,Secondary
591,10.1038_s41598-020-59839-x,ENSBTAG00000017121,Secondary
592,10.1038_s41598-020-59839-x,ENSBTAG00000013718,Secondary
593,10.1038_s41598-020-59839-x,ENSBTAG00000017131,Secondary
594,10.1038_s41598-020-59839-x,ENSBTAG00000047833,Secondary
595,10.1038_s41598-020-59839-x,ENSBTAG00000011038,Secondary
596,10.1038_s41598-020-59839-x,ENSBTAG00000021275,Secondary
597,10.1038_s41598-020-59839-x,NM_001078656,Secondary
598,10.1038_s41598-020-59839-x,ENSBTAG00000009143,Secondary
599,10.1038_s41598-020-59839-x,ENSBTAG00000017869,Secondary
600,10.1038_s41598-020-59839-x,ENSBTAG00000009139,Secondary
601,10.1038_s41598-020-59839-x,ENSBTAG00000032007,Secondary
602,10.1038_s41598-020-59839-x,ENSBTAG00000034501,Secondary
603,10.1038_s41598-020-59839-x,ENSBTAG00000018517,Secondary
604,10.1186_s13054-015-1052-0,GSE26440,Secondary
605,10.1186_s13054-015-1052-0,GSE26378,Secondary
606,10.1186_s12859-018-2263-6,GSE83083,Secondary
607,10.1186_s12859-018-2263-6,GSE59765,Secondary
608,10.1186_s12859-018-2263-6,GSE994,Secondary
609,10.1186_s12859-018-2263-6,GSE4115,Secondary
610,10.1186_s12859-018-2263-6,GSE7895,Secondary
611,10.1186_s12859-018-2263-6,GSE66499,Secondary
612,10.1186_s12859-018-2263-6,GSE37147,Secondary
613,10.1186_s12915-018-0584-6,CVCL_0188,Secondary
614,10.1186_s12915-018-0584-6,CVCL_0123,Secondary
615,10.1186_s13059-019-1908-8,ers1,Secondary
616,10.1186_s40478-018-0561-x,GSE110720,Secondary
617,10.1186_s40478-018-0561-x,GSE110716,Secondary
618,10.1186_s40478-018-0561-x,GSE110717,Secondary
619,10.1186_s40478-018-0561-x,GSE110718,Secondary
620,10.1186_s40478-018-0561-x,GSE110719,Secondary
621,10.3390_microorganisms8121872,CHEMBL3311228,Secondary
622,10.3390_microorganisms8121872,CHEMBL64391,Secondary
623,10.3390_microorganisms8121872,CHEMBL243644,Secondary
624,10.3390_microorganisms8121872,CHEMBL403,Secondary
625,10.3390_microorganisms8121872,CHEMBL3109593,Secondary
626,10.3390_microorganisms8121872,CHEMBL198796,Secondary
627,10.3390_microorganisms8121872,CHEMBL1568820,Secondary
628,10.3390_microorganisms8121872,CHEMBL76,Secondary
629,10.3390_microorganisms8121872,CHEMBL408500,Secondary
630,10.3390_microorganisms8121872,CHEMBL1652119,Secondary
631,10.3390_microorganisms8121872,CHEMBL402487,Secondary
632,10.3390_microorganisms8121872,CHEMBL2436978,Secondary
633,10.3390_microorganisms8121872,CHEMBL3752642,Secondary
634,10.3390_microorganisms8121872,CHEMBL561,Secondary
635,10.3390_microorganisms8121872,CHEMBL3960662,Secondary
636,10.3390_microorganisms8121872,CHEMBL4065616,Secondary
637,10.12688_f1000research.13483.1,ers7,Secondary
638,10.1186_s12974-020-01860-y,GSE144193,Secondary
639,10.1186_s40170-018-0185-4,GSE92742,Secondary
640,10.1186_s12870-020-2295-8,PRJNA574257,Secondary
641,10.1186_s12870-020-2295-8,PRJNA605850,Secondary
642,10.1080_22221751.2020.1738277,GSE139516,Secondary
643,10.1038_s41597-019-0101-y,SRP18415235,Secondary
644,10.1038_s41597-019-0101-y,GSE13038636,Secondary
645,10.1038_s41597-019-0101-y,SRP184152,Secondary
646,10.1038_s41597-019-0101-y,GSE130386,Secondary
647,10.1590_1980-5373-mr-2019-0338,ers19,Secondary
648,10.1590_1980-5373-mr-2019-0338,ers10,Secondary
649,10.1186_s12859-016-1206-3,GSE9138,Secondary
650,10.12688_f1000research.13622.1,ers10,Secondary
651,10.12688_f1000research.13622.1,ers12,Secondary
652,10.1186_s12943-019-1017-z,SRP149488,Secondary
653,10.1186_s12943-019-1017-z,GSE71651,Secondary
654,10.1186_s12943-019-1017-z,GSE11324,Secondary
655,10.1186_s12920-019-0628-y,GSE49710,Secondary
656,10.1186_s12920-019-0628-y,GSE62564,Secondary
657,10.1186_s12920-019-0628-y,GSE3960,Secondary
658,10.1186_s12920-019-0628-y,GSE16476,Secondary
659,10.1186_s13104-018-4014-1,SRX2499144,Secondary
660,10.1186_s13104-018-4014-1,SRX2499147,Secondary
661,10.1186_s13059-018-1557-3,GSE120232,Secondary
662,10.1186_s13059-018-1557-3,GSE119466,Secondary
663,10.1186_s12918-018-0564-z,GSE54129,Secondary
664,10.1186_s12918-018-0564-z,GSE24375,Secondary
665,10.1186_s12918-018-0564-z,SRp20,Secondary
666,10.3389_fevo.2023.1112519,PRJNA780103,Secondary
667,10.1590_1678-4685-gmb-2018-0055,SRR3187022,Secondary
668,10.1590_1678-4685-gmb-2018-0055,SRR3168931,Secondary
669,10.1590_1678-4685-gmb-2018-0055,SRR5438011,Secondary
670,10.1590_1678-4685-gmb-2018-0055,SRR5651498,Secondary
671,10.1186_s12859-016-0938-4,GSM803363,Secondary
672,10.1186_s12859-016-0938-4,GSM915175,Secondary
673,10.1186_s13059-019-1924-8,GSE72816,Secondary
674,10.1186_s13059-019-1924-8,GSM1872886,Secondary
675,10.1186_s13059-019-1924-8,GSM1872887,Secondary
676,10.1186_s13059-019-1924-8,GSM1872888,Secondary
677,10.1186_s13059-019-1924-8,GSM1872889,Secondary
678,10.1186_s13059-019-1924-8,GSE63525,Secondary
679,10.1186_s13059-019-1924-8,E-MTAB-2323,Secondary
680,10.1186_s12866-015-0509-2,PRJNA58163,Secondary
681,10.1186_s12866-015-0509-2,PRJNA283549,Secondary
682,10.1128_JVI.01717-21,EPI_ISL_445002,Secondary
683,10.1128_JVI.01717-21,EPI_ISL_445052,Secondary
684,10.1128_JVI.01717-21,EPI_ISL_445090,Secondary
685,10.1128_JVI.01717-21,EPI_ISL_445091,Secondary
686,10.1128_JVI.01717-21,EPI_ISL_445092,Secondary
687,10.1128_JVI.01717-21,EPI_ISL_445093,Secondary
688,10.1128_JVI.01717-21,EPI_ISL_445051,Secondary
689,10.1128_JVI.01717-21,EPI_ISL_445001,Secondary
690,10.1128_JVI.01717-21,EPI_ISL_445089,Secondary
691,10.1128_JVI.01717-21,EPI_ISL_376123,Secondary
692,10.1128_JVI.01717-21,EPI_ISL_293286,Secondary
693,10.1128_JVI.01717-21,EPI_ISL_291131,Secondary
694,10.1128_JVI.01717-21,EPI_ISL_332358,Secondary
695,10.1128_JVI.01717-21,EPI_ISL_332395,Secondary
696,10.1128_JVI.01717-21,EPI_ISL_332396,Secondary
697,10.1128_JVI.01717-21,EPI_ISL_332399,Secondary
698,10.1128_JVI.01717-21,EPI_ISL_293289,Secondary
699,10.1128_JVI.01717-21,EPI_ISL_293290,Secondary
700,10.1128_JVI.01717-21,EPI_ISL_293291,Secondary
701,10.1128_JVI.01717-21,EPI_ISL_332401,Secondary
702,10.1128_JVI.01717-21,EPI_ISL_293287,Secondary
703,10.1128_JVI.01717-21,EPI_ISL_293288,Secondary
704,10.1186_s12863-019-0790-4,SRP158951,Secondary
705,10.1186_s13568-018-0680-6,SRP144478,Secondary
706,10.1186_s40168-018-0532-2,PF01036,Secondary
707,10.1186_s40168-018-0532-2,IPR000515,Secondary
708,10.1186_s12864-018-5198-4,PRJNA421475,Secondary
709,10.1186_s12864-018-5198-4,ers3,Secondary
710,10.1038_s41597-023-02280-2,EMPIAR-10590,Secondary
711,10.1038_s41597-023-02280-2,EMPIAR-10532,Secondary
712,10.1038_s41597-023-02280-2,EMPIAR-10005,Secondary
713,10.1038_s41597-023-02280-2,EMPIAR-10852,Secondary
714,10.1038_s41597-023-02280-2,EMPIAR-10387,Secondary
715,10.1038_s41597-023-02280-2,EMPIAR-11057,Secondary
716,10.1038_s41597-023-02280-2,EMPIAR-10017,Secondary
717,10.1038_s41597-023-02280-2,EMPIAR-10093,Secondary
718,10.1038_s41597-023-02280-2,EMPIAR-1001749,Secondary
719,10.1038_s41597-023-02280-2,EMPIAR-1059051,Secondary
720,10.1038_s41597-023-02280-2,EMPIAR-1002852,Secondary
721,10.1038_s41597-023-02280-2,EMPIAR-1008153,Secondary
722,10.1038_s41597-023-02280-2,EMPIAR-1034554,Secondary
723,10.1038_s41597-023-02280-2,EMPIAR-1040655,Secondary
724,10.1038_s41597-023-02280-2,EMPIAR-10406,Secondary
725,10.1038_s41597-023-02280-2,EMPIAR-10345,Secondary
726,10.3389_fmicb.2024.1456637,SAMN12620691,Secondary
727,10.3389_fmicb.2024.1456637,SAMN12620692,Secondary
728,10.3389_fmicb.2024.1456637,SAMN12620693,Secondary
729,10.3389_fmicb.2024.1456637,SAMN12620694,Secondary
730,10.3389_fmicb.2024.1456637,SAMN12620697,Secondary
731,10.3389_fmicb.2024.1456637,SAMN12620700,Secondary
732,10.3389_fmicb.2024.1456637,SAMN12620701,Secondary
733,10.3389_fmicb.2024.1456637,SAMN12620702,Secondary
734,10.3389_fmicb.2024.1456637,SAMN12620703,Secondary
735,10.3389_fmicb.2024.1456637,SAMN12620704,Secondary
736,10.3389_fmicb.2024.1456637,SAMN03019926,Secondary
737,10.3389_fmicb.2024.1456637,SAMN04498560,Secondary
738,10.3389_fmicb.2024.1456637,SAMN04505646,Secondary
739,10.3389_fmicb.2024.1456637,SAMN04505647,Secondary
740,10.3389_fmicb.2024.1456637,SAMN07159041,Secondary
741,10.3389_fmicb.2024.1456637,SAMN08199278,Secondary
742,10.3389_fmicb.2024.1456637,SAMN07159045,Secondary
743,10.3389_fmicb.2024.1456637,SAMN09534374,Secondary
744,10.3389_fmicb.2024.1456637,SAMN07159044,Secondary
745,10.3389_fmicb.2024.1456637,SAMN08172567,Secondary
746,10.3389_fmicb.2024.1456637,SAMN33094111,Secondary
747,10.3389_fmicb.2024.1456637,SAMN33094114,Secondary
748,10.3389_fmicb.2024.1456637,SAMN33094099,Secondary
749,10.3389_fmicb.2024.1456637,SAMN33094102,Secondary
750,10.3389_fmicb.2024.1456637,SAMN33094112,Secondary
751,10.3389_fmicb.2024.1456637,SAMN17525956,Secondary
752,10.3389_fmicb.2024.1456637,NC_017643.1,Secondary
753,10.1186_s13068-017-0901-2,GSE90611,Secondary
754,10.1140_epjc_s10052-018-6468-7,ers59,Secondary
755,10.1140_epjc_s10052-018-6468-7,ers20,Secondary
756,10.1140_epjc_s10052-018-6468-7,ers180,Secondary
757,10.1140_epjc_s10052-018-6468-7,ers63,Secondary
758,10.1140_epjc_s10052-018-6468-7,ers127,Secondary
759,10.1140_epjc_s10052-018-6468-7,ers44,Secondary
760,10.1140_epjc_s10052-018-6468-7,ers98,Secondary
761,10.1140_epjc_s10052-018-6468-7,ers141,Secondary
762,10.1140_epjc_s10052-018-6468-7,ers136,Secondary
763,10.1111_1365-2435.13087,ers171,Secondary
764,10.1111_1365-2435.13087,erx045,Secondary
765,10.1186_s11658-018-0120-2,GSE70604,Secondary
766,10.1186_s11658-018-0120-2,GSE2280,Secondary
767,10.1128_spectrum.00422-24,PF04509,Secondary
768,10.1128_spectrum.00422-24,PF01052,Secondary
769,10.1128_spectrum.00422-24,PF02154,Secondary
770,10.1128_spectrum.00422-24,PF03748,Secondary
771,10.1128_spectrum.00422-24,PF03963,Secondary
772,10.1128_spectrum.00422-24,PF04347,Secondary
773,10.1128_spectrum.00422-24,PF00356,Secondary
774,10.1128_spectrum.00422-24,PF13377,Secondary
775,10.1128_spectrum.00422-24,PF00248,Secondary
776,10.1128_spectrum.00422-24,PRJNA700828,Secondary
777,10.1128_spectrum.00422-24,SRX23571306,Secondary
778,10.1128_spectrum.00422-24,SRX23584000,Secondary
779,10.1186_s13059-020-02048-6,GSE141115,Secondary
780,10.1111_cas.12935,HPA001426,Secondary
781,10.1111_cas.12935,HPA003156,Secondary
782,10.1111_cas.12935,HPA008063,Secondary
783,10.1111_cas.12935,HPA001522,Secondary
784,10.1111_cas.12935,HPA042865,Secondary
785,10.1111_cas.12935,HPA007450,Secondary
786,10.1111_cas.12935,HPA003927,Secondary
787,10.1111_cas.12935,HPA030827,Secondary
788,10.1111_cas.12935,HPA001612,Secondary
789,10.1038_s41598-021-85671-y,ers1,Secondary
790,10.1186_s12866-019-1542-3,NC_007530.2,Secondary
791,10.1186_s12866-019-1542-3,NC_007323.3,Secondary
792,10.1186_s13072-019-0285-6,GSE95356,Secondary
793,10.1186_s13072-019-0285-6,GSE73406,Secondary
794,10.1186_s13072-019-0285-6,GSE49733,Secondary
795,10.1186_s13072-019-0285-6,GSE49739,Secondary
796,10.1186_s13072-019-0285-6,GSE100723,Secondary
797,10.1186_s13072-019-0285-6,GSE98967,Secondary
798,10.1186_s13072-019-0285-6,GSE98966,Secondary
799,10.1186_s13072-019-0285-6,GSE80049,Secondary
800,10.1186_s13072-019-0285-6,GSE98063,Secondary
801,10.1186_s13072-019-0285-6,GSE51176,Secondary
802,10.1186_s13072-019-0285-6,GSE54167,Secondary
803,10.1186_s13072-019-0285-6,GSE73972,Secondary
804,10.1186_s13072-019-0285-6,GSE81436,Secondary
805,10.1186_s13072-019-0285-6,GSE79033,Secondary
806,10.1186_s13072-019-0285-6,GSE19602,Secondary
807,10.1186_s13072-019-0285-6,PRJNA522350,Secondary
808,10.1111_mec.16977,PRJNA955776,Secondary
809,10.1186_s12870-019-1889-5,ers1,Secondary
810,10.7554_eLife.63194,PF00078,Secondary
811,10.7554_eLife.63194,PF02170,Secondary
812,10.7554_eLife.63194,PF02171,Secondary
813,10.7554_eLife.63194,PF03368,Secondary
814,10.7554_eLife.63194,PF05183,Secondary
815,10.7554_eLife.63194,PF00680,Secondary
816,10.7554_eLife.63194,PF00978,Secondary
817,10.7554_eLife.63194,PF00998,Secondary
818,10.7554_eLife.63194,PF02123,Secondary
819,10.1186_s13073-019-0674-2,GSE138074,Secondary
820,10.1021_acsomega.3c06074,CHEMBL70,Secondary
821,10.1021_acsomega.3c06074,CHEMBL1257821,Secondary
822,10.1021_acsomega.3c06074,CHEMBL1257578,Secondary
823,10.1021_acsomega.3c06074,CHEMBL572163,Secondary
824,10.1021_acsomega.3c06074,CHEMBL1097,Secondary
825,10.1021_acsomega.3c06074,CHEMBL1782574,Secondary
826,10.1021_acsomega.3c06074,CHEMBL3422978,Secondary
827,10.1021_acsomega.3c06074,CHEMBL2424928,Secondary
828,10.1021_acsomega.3c06074,CHEMBL390649,Secondary
829,10.1021_acsomega.3c06074,CHEMBL195180,Secondary
830,10.1186_s12864-018-5054-6,SRP160000,Secondary
831,10.1186_s13059-019-1918-6,GSE118622,Secondary
832,10.3390_v11060565,EPI1387245,Secondary
833,10.3390_v11060565,EPI1184014,Secondary
834,10.3390_v11060565,EPI954556,Secondary
835,10.3390_v11060565,EPI1104288,Secondary
836,10.3390_v11060565,EPI1019555,Secondary
837,10.3390_v11060565,EPI1184005,Secondary
838,10.3390_v11060565,EPI1019556,Secondary
839,10.3390_v11060565,EPI1018205,Secondary
840,10.3390_v11060565,EPI954557,Secondary
841,10.3390_v11060565,EPI1019554,Secondary
842,10.3390_v11060565,EPI1184004,Secondary
843,10.3390_v11060565,EPI1018206,Secondary
844,10.3390_v11060565,EPI954555,Secondary
845,10.3390_v11060565,EPI1019558,Secondary
846,10.3390_v11060565,EPI954559,Secondary
847,10.3390_v11060565,EPI1183999,Secondary
848,10.3390_v11060565,EPI1018207,Secondary
849,10.3390_v11060565,EPI1104284,Secondary
850,10.3390_v11060565,EPI1018208,Secondary
851,10.3390_v11060565,EPI1019551,Secondary
852,10.3390_v11060565,EPI954552,Secondary
853,10.3390_v11060565,EPI1104286,Secondary
854,10.3390_v11060565,EPI1018210,Secondary
855,10.3390_v11060565,EPI954554,Secondary
856,10.3390_v11060565,EPI1019553,Secondary
857,10.3390_v11060565,EPI1019552,Secondary
858,10.3390_v11060565,EPI1104285,Secondary
859,10.3390_v11060565,EPI954553,Secondary
860,10.3390_v11060565,EPI1018211,Secondary
861,10.1371_journal.pone.0159387,PRJNA296687,Secondary
862,10.1371_journal.pone.0159387,SRX1830060,Secondary
863,10.1371_journal.pone.0159387,PRJNA20133,Secondary
864,10.1371_journal.pone.0159387,PRJNA16146,Secondary
865,10.1371_journal.pone.0159387,PRJNA16148,Secondary
866,10.1371_journal.pone.0159387,PRJNA167259,Secondary
867,10.1371_journal.pone.0159387,PRJNA167255,Secondary
868,10.1371_journal.pone.0159387,PRJNA167229,Secondary
869,10.1371_journal.pone.0159387,PRJNA167242,Secondary
870,10.1371_journal.pone.0159387,PRJNA74077,Secondary
871,10.1371_journal.pone.0159387,PRJNA74089,Secondary
872,10.1371_journal.pone.0159387,PRJNA65041,Secondary
873,10.1371_journal.pone.0159387,PRJNA167235,Secondary
874,10.1371_journal.pone.0159387,PRJNA10687,Secondary
875,10.1371_journal.pone.0159387,PRJNA293,Secondary
876,10.1371_journal.pone.0159387,PRJNA32553,Secondary
877,10.1371_journal.pone.0159387,PRJNA217894,Secondary
878,10.1371_journal.pone.0159387,PRJNA185511,Secondary
879,10.1371_journal.pone.0159387,PRJNA287300,Secondary
880,10.1371_journal.pone.0159387,PRJNA65043,Secondary
881,10.1371_journal.pone.0159387,PRJNA74039,Secondary
882,10.1371_journal.pone.0159387,PRJNA74079,Secondary
883,10.1371_journal.pone.0159387,PRJNA167243,Secondary
884,10.1371_journal.pone.0159387,PRJNA74167,Secondary
885,10.1371_journal.pone.0159387,PRJNA47139,Secondary
886,10.1371_journal.pone.0159387,PRJNA74123,Secondary
887,10.1186_s12916-019-1469-4,GSE135055,Secondary
888,10.1186_s13073-020-00727-4,ers7,Secondary
889,10.1186_s13073-020-00727-4,NC_010277.2,Secondary
890,10.1186_s13073-020-00727-4,NC_010227.2,Secondary
891,10.1186_s13073-020-00727-4,PRJNA606748,Secondary
892,10.1186_s13068-018-1167-z,PRJNA265584,Secondary
893,10.1007_jhep07(2018)134,ers48,Secondary
894,10.1186_s12967-020-02311-1,GSE31312,Secondary
895,10.1186_s12967-020-02311-1,GSE10846,Secondary
896,10.1186_s12885-017-3237-1,SRP101418,Secondary
897,10.1111_acel.13089,GSE141725,Secondary
898,10.1186_s12864-019-5872-1,ENSDARG00000010097,Secondary
899,10.1186_s12864-019-5872-1,ENSDARG00000060016,Secondary
900,10.1186_s12864-019-5872-1,ENSDARG00000023445,Secondary
901,10.1186_s12864-019-5872-1,ENSDARG00000058821,Secondary
902,10.1186_s12864-019-5872-1,ENSDARG00000076364,Secondary
903,10.1186_s12864-019-5872-1,ENSDARG00000013250,Secondary
904,10.1186_s12864-019-5872-1,ENSDARG00000018418,Secondary
905,10.1186_s12864-019-5872-1,ENSDARG00000005479,Secondary
906,10.1186_s12864-019-5872-1,ENSDARG00000074636,Secondary
907,10.1186_s12864-019-5872-1,ENSDARG00000073933,Secondary
908,10.1186_s12864-019-5872-1,ENSDARG00000039241,Secondary
909,10.1186_s12864-019-5872-1,ENSDARG00000003403,Secondary
910,10.1186_s12864-019-5872-1,ENSDARG00000020057,Secondary
911,10.1186_s12864-019-5872-1,ENSDARG00000028533,Secondary
912,10.1186_s12864-019-5872-1,ENSDARG00000037079,Secondary
913,10.1186_s12864-019-5872-1,ENSDARG00000043963,Secondary
914,10.1186_s12864-019-5872-1,ENSDARG00000052766,Secondary
915,10.1186_s12864-019-5872-1,ENSDARG00000076998,Secondary
916,10.1038_s41597-023-02280-2,EMPIAR-10028,Secondary
917,10.1038_s41597-023-02280-2,EMPIAR-10081,Secondary
918,10.3389_fcell.2020.618552,E-MTAB-9290,Secondary
919,10.1186_s12866-019-1542-3,NC_007322.2,Secondary
920,10.1002_anie.202005531,ers10,Secondary
921,10.1080_21645515.2023.2189598,ENSMMUT00000006359,Secondary
922,10.1080_21645515.2023.2189598,NM_001127631,Secondary
923,10.1080_21645515.2023.2189598,NM_001194422,Secondary
924,10.1080_21645515.2023.2189598,ENSMMUT00000046595,Secondary
925,10.1080_21645515.2023.2189598,ENSMMUT00000023562,Secondary
926,10.1080_21645515.2023.2189598,ENSMMUT00000044361,Secondary
927,10.1080_21645515.2023.2189598,ENSMMUT00000022050,Secondary
928,10.1080_21645515.2023.2189598,NM_001110256,Secondary
929,10.1080_21645515.2023.2189598,ENSMMUT00000017222,Secondary
930,10.1080_21645515.2023.2189598,ENSMMUT00000007289,Secondary
931,10.1080_21645515.2023.2189598,ENSMMUT00000013362,Secondary
932,10.1080_21645515.2023.2189598,NM_001257671,Secondary
933,10.1080_21645515.2023.2189598,ENSMMUT00000015979,Secondary
934,10.1080_21645515.2023.2189598,ENSMMUT00000043132,Secondary
935,10.1080_21645515.2023.2189598,ENSMMUT00000008499,Secondary
936,10.1080_21645515.2023.2189598,ENSMMUT00000003274,Secondary
937,10.1080_21645515.2023.2189598,NM_001194698,Secondary
938,10.1080_21645515.2023.2189598,ENSMMUT00000047863,Secondary
939,10.1080_21645515.2023.2189598,ENSMMUT00000042190,Secondary
940,10.1038_s41597-022-01555-4,ers12020518,Secondary
941,10.1080_15476286.2016.1232238,E-MTAB-4545,Secondary
942,10.1186_s12864-019-6324-7,erx046,Secondary
943,10.7554_eLife.63194,SRR7962068,Secondary
944,10.7554_eLife.63194,SRR2429147,Secondary
945,10.7554_eLife.63194,SRR2430028,Secondary
946,10.7554_eLife.63194,SRR2430030,Secondary
947,10.1186_s12870-020-02651-6,erx234,Secondary
948,10.1186_s13068-018-1167-z,erx152,Secondary
